ID,Release Year,Title,Origin,Genre,Director
1,2015,Ant-Man,American,action,Peyton Reed
2,2014,Asian School Girls,American,action,Lawrence Silverstein
3,2013,Big Sur,American,drama,Michael Polish
4,2009,Blue,Bollywood,action,Anthony Dsouza
5,2011,Bubble Gum,Bollywood,drama,Sanjivan Lal
6,2011,Countdown,South_Korean,action,Unknown
7,2012,Day One,American,drama,Nathan Frankowski
8,2012,Evangelion 3.0,Japanese,anime,Hideaki Anno
9,2009,Fast & Furious,American,action,Justin Lin
10,2009,Goemon,Japanese,action,Kazuaki Kiriya
11,2008,Hana yori Dango Final,Japanese,romance,Unknown
12,2010,Hanamizuki,Japanese,romance,Nobuhiro Doi
13,2016,Happiness,Hong Kong,drama,Andy Lo
14,2013,Joe,American,drama,David Gordon Green
15,2011,Karate Girl,Japanese,action,Kimura Yoshikatsu
16,2014,Killers,Japanese,action,Kimo Stamboel
17,2014,Million Dollar Arm,American,drama,Craig Gillespie
18,2014,Need for Speed,American,action,Scott Waugh
19,2010,Never Let Me Go,American,drama,Mark Romanek
20,2010,Norwegian Wood,Japanese,drama,Tran Anh Hung
21,2011,Paradise Kiss,Japanese,drama,Takehiko Shinjo
22,2012,River,Japanese,drama,Ryuichi Hiroki
23,2011,Runway Beat,Japanese,drama,Kentaro Otani
24,2015,Somewhere Only We Know,Chinese,romance,Xu Jinglei
25,2009,Tenshi no Koi,Japanese,romance,Yuri Kanchiku
26,2013,The Great Passage,Japanese,drama,Yuya Ishii
27,2010,The Social Network,American,drama,David Fincher
28,2012,Titanic 3D,American,drama,James Cameron
29,2013,Tokyo Family,Japanese,drama,Yoji Yamada
30,2010,Wall Street Money Never Sleeps,American,drama,Oliver Stone
